feature,importance
ram,0.35879505
battery_power,0.10124526
total_pixels,0.08955552
mobile_wt,0.034118492
talk_time,0.03336045
screen_area,0.03311726
sc_w,0.032935493
int_memory,0.03204867
total_camera,0.03166749
clock_speed,0.031153614
touch_screen,0.030433755
m_dep,0.029494045
sc_h,0.029426882
n_cores,0.028181005
four_g,0.027141174
dual_sim,0.026948597
blue,0.02587408
wifi,0.024503179
